row_position,source_dataset,original_row_id
0,Kaggle,2
1,Kaggle,3
2,Kaggle,4
3,Kaggle,5
4,Kaggle,6
5,Kaggle,7
6,Kaggle,8
7,Kaggle,9
8,Kaggle,10
9,Kaggle,11
10,Kaggle,12
11,Kaggle,13
12,Kaggle,14
13,Kaggle,15
14,Kaggle,16
15,Kaggle,17
16,Kaggle,18
17,Kaggle,19
18,Kaggle,20
19,Kaggle,21
20,Kaggle,22
21,Kaggle,23
22,Kaggle,24
23,Kaggle,25
24,Kaggle,26
25,Kaggle,27
26,Kaggle,28
27,Kaggle,29
28,Kaggle,30
29,Kaggle,31
30,Kaggle,32
31,Kaggle,33
32,Kaggle,34
33,Kaggle,35
34,Kaggle,36
35,Kaggle,37
36,Kaggle,38
37,Kaggle,39
38,Kaggle,40
39,Kaggle,41
40,Kaggle,42
41,Kaggle,43
42,Kaggle,44
43,Kaggle,45
44,Kaggle,46
45,Kaggle,47
46,Kaggle,48
47,Kaggle,49
48,Kaggle,50
49,Kaggle,51
50,Kaggle,52
51,Kaggle,53
52,Kaggle,54
53,Kaggle,55
54,Kaggle,56
55,Kaggle,57
56,Kaggle,58
57,Kaggle,59
58,Kaggle,60
59,Kaggle,61
60,Kaggle,62
61,Kaggle,63
62,Kaggle,64
63,Kaggle,65
64,Kaggle,66
65,Kaggle,67
66,Kaggle,68
67,Kaggle,69
68,Kaggle,70
69,Kaggle,71
70,Kaggle,72
71,Kaggle,73
72,Kaggle,74
73,Kaggle,75
74,Kaggle,76
75,Kaggle,77
76,Kaggle,78
77,Kaggle,79
78,Kaggle,80
79,Kaggle,81
80,Kaggle,82
81,Kaggle,83
82,Kaggle,84
83,Kaggle,85
84,Kaggle,86
85,Kaggle,87
86,Kaggle,88
87,Kaggle,89
88,Kaggle,90
89,Kaggle,91
90,Kaggle,92
91,Kaggle,93
92,Kaggle,94
93,Kaggle,95
94,Kaggle,96
95,Kaggle,97
96,Kaggle,98
97,Kaggle,99
98,Kaggle,100
99,Kaggle,101
100,Kaggle,102
101,Kaggle,103
102,Kaggle,104
103,Kaggle,105
104,Kaggle,106
105,Kaggle,107
106,Kaggle,108
107,Kaggle,109
108,Kaggle,110
109,Kaggle,111
110,Kaggle,112
111,Kaggle,113
112,Kaggle,114
113,Kaggle,115
114,Kaggle,116
115,Kaggle,117
116,Kaggle,118
117,Kaggle,119
118,Kaggle,120
119,Kaggle,121
120,Kaggle,122
121,Kaggle,123
122,Kaggle,124
123,Kaggle,125
124,Kaggle,126
125,Kaggle,127
126,Kaggle,128
127,Kaggle,129
128,Kaggle,130
129,Kaggle,131
130,Kaggle,132
131,Kaggle,133
132,Kaggle,134
133,Kaggle,135
134,Kaggle,136
135,Kaggle,137
136,Kaggle,138
137,Kaggle,139
138,Kaggle,140
139,Kaggle,141
140,Kaggle,142
141,Kaggle,143
142,Kaggle,144
143,Kaggle,145
144,Kaggle,146
145,Kaggle,147
146,Kaggle,148
147,Kaggle,149
148,Kaggle,150
149,Kaggle,151
150,Kaggle,152
151,Kaggle,153
152,Kaggle,154
153,Kaggle,155
154,Kaggle,156
155,Kaggle,157
156,Kaggle,158
157,Kaggle,159
158,Kaggle,160
159,Kaggle,161
160,Kaggle,162
161,Kaggle,163
162,Kaggle,164
163,Kaggle,165
164,Kaggle,166
165,Kaggle,167
166,Kaggle,168
167,Kaggle,169
168,Kaggle,170
169,Kaggle,171
170,Kaggle,172
171,Kaggle,173
172,Kaggle,174
173,Kaggle,175
174,Kaggle,176
175,Kaggle,177
176,Kaggle,178
177,Kaggle,179
178,Kaggle,180
179,Kaggle,181
180,Kaggle,182
181,Kaggle,183
182,Kaggle,184
183,Kaggle,185
184,Kaggle,186
185,Kaggle,187
186,Kaggle,188
187,Kaggle,189
188,Kaggle,190
189,Kaggle,191
190,Kaggle,192
191,Kaggle,193
192,Kaggle,194
193,Kaggle,195
194,Kaggle,196
195,Kaggle,197
196,Kaggle,198
197,Kaggle,199
198,Kaggle,200
199,Kaggle,201
